<?xml version='1.0' encoding='UTF-8'?>
<system creation-date="2024-04-18 13:40:25.512000" desc="" enable="False" id="A1F5C2EE-50AB-497C-BC3C-2A1F60A9AAB1" last-modified-date="" name="Controlador2"><applications><application name="RobotWare" version="6.07.0130"><settings><system-xml path="C:\Users\ISA\Documents\RobotStudio\Solutions\Práctica4_inicio\Virtual Controllers\Controlador2\system.xml" /><key-id path="C:\Users\ISA\Documents\RobotStudio\Solutions\Práctica4_inicio\Virtual Controllers\Controlador2\INTERNAL\key.id" /><setting-file path="C:\Users\ISA\Documents\RobotStudio\Solutions\Práctica4_inicio\Virtual Controllers\Controlador2\INTERNAL\controller.rsf" /></settings></application></applications></system>