<?xml version='1.0' encoding='UTF-8'?>
<system creation-date="2025-04-10 08:09:53.480000" desc="" enable="False" id="09D4464E-39CE-4F6F-8243-1E8202E57248" last-modified-date="" name="Controlador2"><applications><application name="RobotWare" version="6.07.0130"><settings><system-xml path="C:\Users\lopez\RepositoriosGithub\RobotStudio\Practica4\Practica4\Virtual Controllers\Controlador2\system.xml" /><key-id path="C:\Users\lopez\RepositoriosGithub\RobotStudio\Practica4\Practica4\Virtual Controllers\Controlador2\INTERNAL\key.id" /><setting-file path="C:\Users\lopez\RepositoriosGithub\RobotStudio\Practica4\Practica4\Virtual Controllers\Controlador2\INTERNAL\controller.rsf" /></settings></application></applications></system>